method,m_bits,R_bits_per_token,utilization,entropy_rate_bits_per_token,mean_N_tokens,std_R,trials
ACS1,1,1.0,0.1271246081857562,7.866297597856007,1.0,0.0,10
Discop,1,1.0,0.1401968535014036,7.132827699232126,1.0,0.0,10
ACS2,1,1.0,0.17000654823053396,5.882126367532444,1.0,0.0,10
ACS1,2,2.0,0.261649621112303,7.643810036864442,1.0,0.0,10
Discop,2,2.0,0.2806463556606441,7.126406453032257,1.0,0.0,10
ACS2,2,2.0,0.27015608335462266,7.403127759202384,1.0,0.0,10
ACS1,3,3.0,0.4391920761600268,6.830724329614045,1.0,0.0,10
Discop,3,3.0,0.433595454534959,6.91889171951207,1.0,0.0,10
ACS2,3,2.727272727272727,0.4267532942728454,6.390747918934729,1.1,0.4743416490252569,10
ACS1,4,3.3333333333333335,0.5568357011868192,5.986206211686479,1.2,0.8432740427115678,10
Discop,4,3.3333333333333335,0.5209704451727787,6.398315613139707,1.2,0.8432740427115678,10
ACS2,4,4.0,0.6028049790380638,6.635645256917199,1.0,0.0,10
ACS1,5,4.166666666666667,0.7150451319356073,5.827138009299659,1.2,1.0540925533894598,10
Discop,5,3.8461538461538463,0.6831565623114566,5.629974237736084,1.3,1.1858541225631423,10
ACS2,5,4.166666666666667,0.6705191282324113,6.214090681723911,1.2,1.0540925533894596,10
ACS1,6,5.454545454545454,0.736838834780733,7.40263025925962,1.1,0.9486832980505138,10
Discop,6,5.0,0.7857385447415802,6.363439891630159,1.2,1.2649110640673518,10
ACS2,6,5.454545454545454,0.7876006354727304,6.925521906507286,1.1,0.9486832980505138,10
ACS1,7,4.666666666666667,0.7234592713025269,6.45048982268861,1.5,1.8446619684315546,10
Discop,7,3.888888888888889,0.5813644816962248,6.689244030771242,1.8,1.8073922282301278,10
ACS2,7,4.666666666666667,0.6637515427551256,7.0307432315653635,1.5,1.8446619684315546,10
ACS1,8,5.0,0.7018057974949962,7.12447805054738,1.6,2.283596902873801,10
Discop,8,4.2105263157894735,0.6603966101931296,6.375753979957781,1.9,1.2649110640673518,10
ACS2,8,4.444444444444445,0.6476596543564646,6.862314820058673,1.8,2.0655911179772892,10
ACS1,9,4.5,0.7397826043798341,6.082868093083086,2.0,2.1447610589527217,10
Discop,9,4.285714285714286,0.6938943575184581,6.176320990764481,2.1,0.4743416490252569,10
ACS2,9,4.285714285714286,0.7350331885963161,5.8306405101226275,2.1,1.6507574019219178,10
ACS1,10,4.761904761904762,0.7228756599339606,6.58744653588114,2.1,0.5270462766947299,10
Discop,10,4.3478260869565215,0.7583755658088157,5.733077755899899,2.3,2.020344060663131,10
ACS2,10,4.545454545454546,0.7536669121883537,6.031118617449087,2.2,2.581988897471611,10
ACS1,11,5.0,0.7676351357347835,6.513511129495108,2.2,0.7730012058189373,10
Discop,11,5.0,0.7841652479166351,6.3762070727872295,2.2,0.7730012058189373,10
ACS2,11,4.583333333333333,0.7974545718190723,5.747453830352115,2.4,0.9467292624062577,10
ACS1,12,5.454545454545454,0.8099894019735732,6.734094842790814,2.2,0.8432740427115678,10
Discop,12,5.454545454545454,0.7710165593288018,7.0744854809523625,2.2,0.9486832980505138,10
ACS2,12,5.714285714285714,0.8069390477027566,7.0814341313058184,2.1,0.6324555320336759,10
ACS1,13,5.909090909090909,0.8141707173467854,7.257803287678313,2.2,0.9135468796041986,10
Discop,13,5.416666666666667,0.7908787722409272,6.848921550035706,2.4,1.1188618555710317,10
ACS2,13,5.6521739130434785,0.8248147630489997,6.852658519531979,2.3,1.0465994316692375,10
ACS1,14,5.185185185185185,0.8472771828128243,6.1198215771268645,2.7,1.35275211018314,10
Discop,14,4.827586206896552,0.7554420694633736,6.390412186504011,2.9,1.1067971810589328,10
ACS2,14,6.086956521739131,0.8146049107981089,7.472280661523924,2.3,1.1271070802591783,10
ACS1,15,6.818181818181818,0.9355320783217363,7.288025687385351,2.2,1.0540925533894598,10
Discop,15,5.357142857142857,0.7795764459768195,6.871863413510765,2.8,1.3501543121683042,10
ACS2,15,6.521739130434782,0.8688499460221156,7.506174294299581,2.3,1.20761472884912,10
ACS1,16,5.333333333333333,0.8235572813441971,6.475971318750714,3.0,1.3770607453181927,10
Discop,16,4.705882352941177,0.7799008789158594,6.033949287866974,3.4,0.8029574962230195,10
ACS2,16,4.848484848484849,0.8435279526066702,5.747865063039179,3.3,1.6344440667723712,10
ACS1,17,5.862068965517241,0.7806885581749666,7.508844473423734,2.9,0.8959786703810407,10
Discop,17,5.666666666666667,0.7254381075152263,7.811371649714071,3.0,9.362222582871203e-16,10
ACS2,17,5.666666666666667,0.7508599763404504,7.546902012656114,3.0,9.362222582871203e-16,10
ACS1,18,6.0,0.805566664869647,7.4481731452615305,3.0,1.106797181058933,10
Discop,18,6.0,0.8326345736385203,7.2060423503442435,3.0,1.106797181058933,10
ACS2,18,5.806451612903226,0.8380682062984448,6.928375959456798,3.1,0.4743416490252569,10
ACS1,19,6.129032258064516,0.8810457002711366,6.956542953649672,3.1,0.5006939628599933,10
Discop,19,5.9375,0.8344836875501163,7.115178029940116,3.2,0.6675919504799911,10
ACS2,19,6.129032258064516,0.8440947130398064,7.261071729725996,3.1,0.5006939628599933,10
ACS1,20,5.714285714285714,0.8789229984036936,6.501463409950635,3.5,1.6101529717988268,10
Discop,20,5.714285714285714,0.8267915425033856,6.9113983640710925,3.5,0.8784104611578832,10
ACS2,20,6.451612903225806,0.8932533175681029,7.2226016700284195,3.1,0.5270462766947299,10
ACS1,21,6.5625,0.8882311363934365,7.388279616774412,3.2,0.7378647873726218,10
Discop,21,6.363636363636363,0.8666262039729582,7.343000170619041,3.3,0.845330310194384,10
ACS2,21,6.363636363636363,0.9176686248289675,6.934568962540699,3.3,0.845330310194384,10
ACS1,22,5.7894736842105265,0.8855226723752162,6.537916944217318,3.8,1.0196586211589167,10
Discop,22,5.365853658536586,0.8308838338231154,6.4580070523780435,4.1,1.1175148796203294,10
ACS2,22,6.470588235294118,0.9295103695771589,6.96128676674972,3.4,1.104066557306652,10
ACS1,23,6.216216216216216,0.877107137692628,7.087180059404118,3.7,0.9258379587843254,10
Discop,23,6.388888888888889,0.8800517216070881,7.2596743259838785,3.6,1.1822034250803055,10
ACS2,23,6.96969696969697,0.9169853543090102,7.600663344235144,3.3,1.7612951183226395,10
ACS1,24,6.153846153846154,0.8380385551878983,7.34315398229666,3.9,1.4581571322125138,10
Discop,24,6.153846153846154,0.8277404871473045,7.434511479623947,3.9,0.9807026959164423,10
ACS2,24,6.857142857142857,0.8930631145484379,7.678228722513138,3.5,1.0540925533894598,10
ACS1,25,6.410256410256411,0.8857459227578435,7.237127764921056,3.9,0.6588078458684126,10
Discop,25,5.813953488372093,0.8274163673183332,7.02663582449449,4.3,1.1145779248743821,10
ACS2,25,6.410256410256411,0.8892868679669723,7.208311109902147,3.9,1.021565308246294,10
ACS1,26,6.190476190476191,0.9115161856274897,6.791405669022381,4.2,1.1745602737768264,10
Discop,26,5.909090909090909,0.8662362261064047,6.821569833960121,4.4,0.8029344330041549,10
ACS2,26,6.190476190476191,0.8820061767242211,7.018631335970543,4.2,1.1010040311203269,10
ACS1,27,6.27906976744186,0.9048267039080136,6.9395274700913365,4.3,1.2037441588643327,10
Discop,27,6.0,0.8335202671480546,7.19838525406155,4.5,0.8538149682454623,10
ACS2,27,6.136363636363637,0.8724301262167814,7.0336448180365485,4.4,0.8338165265812376,10
ACS1,28,6.222222222222222,0.8984297996572511,6.925663223321383,4.5,0.7378647873726221,10
Discop,28,5.714285714285714,0.833568294482904,6.85521000751416,4.9,1.0713784820743095,10
ACS2,28,6.363636363636363,0.9031685779033253,7.045900974997742,4.4,0.7229568912920513,10
ACS1,29,6.304347826086956,0.9121745401629746,6.911339385728287,4.6,1.0490795495264256,10
Discop,29,6.170212765957447,0.8344765219557172,7.394111881658043,4.7,0.8824418982027677,10
ACS2,29,6.590909090909091,0.8764037842876818,7.520402363695873,4.4,0.7487767802667674,10
ACS1,30,6.122448979591836,0.8936801118774736,6.850828275376506,4.9,0.9951412575353207,10
Discop,30,6.122448979591836,0.8592579562350401,7.125274703790012,4.9,0.752772652709081,10
ACS2,30,6.25,0.9118123160818413,6.854480784880098,4.8,1.197147971349458,10
ACS1,31,6.595744680851064,0.9381874151165737,7.030306071662149,4.7,0.9432999601477859,10
Discop,31,5.961538461538462,0.8567643291838329,6.958201057713871,5.2,0.43569158873430996,10
ACS2,31,6.458333333333333,0.9072977117124238,7.118207452704741,4.8,0.8798516289061973,10
ACS1,32,6.666666666666667,0.9055760308572804,7.361796734345478,4.8,0.9082339395160747,10
Discop,32,6.037735849056604,0.8490315439898111,7.111321000729581,5.3,0.9202276055720897,10
ACS2,32,6.4,0.8928378365196056,7.168154997718294,5.0,0.8994923122256724,10
ACS1,33,6.111111111111111,0.8753312504698287,6.981483990010649,5.4,0.691745958900613,10
Discop,33,6.6,0.9097798142657223,7.254502569203318,5.0,0.0,10
ACS2,33,6.6,0.9041316290164012,7.299822048234388,5.0,0.9276014469827246,10
ACS1,34,6.538461538461538,0.9253665766058198,7.065806896164502,5.2,0.4778552908698882,10
Discop,34,6.071428571428571,0.8742339498507417,6.944855633283458,5.6,0.5852508167602316,10
ACS2,34,6.181818181818182,0.8714677421232342,7.093570860990069,5.5,0.5973191135873603,10
ACS1,35,6.0344827586206895,0.8787089399070485,6.867442089822176,5.8,0.9296222517045284,10
Discop,35,5.932203389830509,0.8648480974072891,6.859243152195794,5.9,0.8855841344893545,10
ACS2,35,6.140350877192983,0.9143842432304681,6.715285092292786,5.7,0.7202965781494642,10
ACS1,36,6.428571428571429,0.9193300449904768,6.992669785569797,5.6,0.7666518779999278,10
Discop,36,6.0,0.9206060565072278,6.517445716970355,6.0,0.8444778606587962,10
ACS2,36,6.206896551724138,0.9138019880711641,6.7923867892053265,5.8,0.8769264507357502,10
ACS1,37,6.491228070175438,0.8842199054979993,7.341191970248091,5.7,0.5957565995655658,10
Discop,37,6.491228070175438,0.8749044083568509,7.419356912792962,5.7,0.5957565995655658,10
ACS2,37,6.851851851851852,0.9148124818097522,7.489897643609971,5.4,0.6368905947096641,10
ACS1,38,5.757575757575758,0.9187227693949053,6.266934868031895,6.6,1.2390400258285064,10
Discop,38,5.757575757575758,0.9118698103652642,6.3140326526102095,6.6,0.8784425852959175,10
ACS2,38,5.9375,0.9124727806330688,6.507043416550567,6.4,1.147459428184633,10
ACS1,39,6.610169491525424,0.9238823376593401,7.1547741764089965,5.9,0.6635659182712419,10
Discop,39,6.39344262295082,0.8850635428422583,7.22371029137543,6.1,0.6131384635709981,10
ACS2,39,6.5,0.9140461334467712,7.111238439890543,6.0,0.531083690788293,10
ACS1,40,5.882352941176471,0.929893192405546,6.325837192075123,6.8,1.1422948352118976,10
Discop,40,6.153846153846154,0.9054459940878622,6.796480622839887,6.5,0.7169263359134106,10
ACS2,40,6.349206349206349,0.9301005933681533,6.826365228103021,6.3,0.8075138446004912,10
ACS1,41,6.212121212121212,0.8897110338516419,6.982178455434414,6.6,0.9745983489186493,10
Discop,41,6.029411764705882,0.8807761693877427,6.845566415468677,6.8,0.6902709054440105,10
ACS2,41,6.3076923076923075,0.9154697025017553,6.890115850316972,6.5,0.7348494943112456,10
ACS1,42,6.461538461538462,0.9367376703864067,6.897916744261027,6.5,0.890084265673762,10
Discop,42,6.0,0.8835769045398314,6.79058038883985,7.0,0.5868938953886336,10
ACS2,42,6.363636363636363,0.9245307644157773,6.883098549627633,6.6,0.9709102258533827,10
ACS1,43,6.417910447761194,0.9326615614312884,6.881285466415159,6.7,0.7954833340666929,10
Discop,43,5.890410958904109,0.8728783848725726,6.748260766892541,7.3,0.8494808931670467,10
ACS2,43,6.142857142857143,0.933990171299952,6.577004053808568,7.0,1.0611973980817486,10
ACS1,44,6.470588235294118,0.9451946046967497,6.845773561488008,6.8,0.6104872098651364,10
Discop,44,6.285714285714286,0.8857023289336304,7.096869998391188,7.0,0.43563404586863846,10
ACS2,44,6.567164179104478,0.9201225076825894,7.137271530988267,6.7,0.5060480768510597,10
ACS1,45,6.7164179104477615,0.9368030740367908,7.169508829113844,6.7,1.0328778895367436,10
Discop,45,6.0,0.8791943619563427,6.824429568280075,7.5,0.9248552010218373,10
ACS2,45,6.521739130434782,0.955105187656174,6.82829411327889,6.9,0.5540032877674489,10
ACS1,46,6.47887323943662,0.9253010062583505,7.001908779539004,7.1,0.7004625851588057,10
Discop,46,6.216216216216216,0.89481578684967,6.946922827659663,7.4,0.7114755862769606,10
ACS2,46,6.571428571428571,0.9207308728322133,7.13718716872666,7.0,0.6427885520923131,10
ACS1,47,6.266666666666667,0.9098052588600318,6.887920910150242,7.5,0.9966983661644951,10
Discop,47,5.875,0.9003280166234137,6.525399511650848,8.0,0.743387454338203,10
ACS2,47,6.0256410256410255,0.9080610543583678,6.635722341267811,7.8,1.048433425650943,10
ACS1,48,6.4,0.9207209236464974,6.951074788930531,7.5,0.9631664416684486,10
Discop,48,6.075949367088608,0.8812672877189983,6.894559064838443,7.9,0.6723117010967419,10
ACS2,48,6.575342465753424,0.9328795842374098,7.048436450807842,7.3,0.41403933560541234,10
ACS1,49,6.447368421052632,0.9469769825264263,6.808368672121038,7.6,0.77024710774912,10
Discop,49,6.363636363636363,0.9102847142652875,6.990819755522981,7.7,0.6941421564300307,10
ACS2,49,6.282051282051282,0.9197350311901603,6.83028379806535,7.8,0.6263941925810887,10
ACS1,50,6.666666666666667,0.9387828562619374,7.1013937059014065,7.5,0.718243006142779,10
Discop,50,6.329113924050633,0.8928484176908857,7.0886768668070195,7.9,0.46637536799774454,10
ACS2,50,6.4935064935064934,0.935831867138187,6.9387533397039665,7.7,0.5620720426275913,10
ACS1,51,6.375,0.9268315664549542,6.878272418346508,8.0,0.6630357472387156,10
Discop,51,6.071428571428571,0.902810259883632,6.72503275739373,8.4,0.846418131467384,10
ACS2,51,6.538461538461538,0.9146158745412452,7.14886076271212,7.8,0.697818210640881,10
ACS1,52,6.842105263157895,0.9474846739180218,7.221336082265629,7.6,0.9958496218324184,10
Discop,52,6.046511627906977,0.9079369658241676,6.659616091760662,8.6,0.7224698637794424,10
ACS2,52,6.419753086419753,0.937203117567497,6.849905816662422,8.1,0.8328296610729112,10
ACS1,53,7.162162162162162,0.9527866180403718,7.517068382942679,7.4,0.7353595937011871,10
Discop,53,6.54320987654321,0.8947291039558982,7.313062520950172,8.1,0.6738041019094964,10
ACS2,53,6.794871794871795,0.9281071665101965,7.321214661472117,7.8,0.6775284123836264,10
ACS1,54,6.666666666666667,0.9450319222367951,7.054435421490673,8.1,0.6268849127850751,10
Discop,54,6.506024096385542,0.9015152252570826,7.216765634246762,8.3,0.6255446606350178,10
ACS2,54,6.75,0.9426714403146955,7.160501221662791,8.0,0.5741008942117177,10
ACS1,55,6.790123456790123,0.9467505202331202,7.172030341338686,8.1,0.7620679354314915,10
Discop,55,6.962025316455696,0.9272889980685102,7.507934776490604,7.9,0.6548629404703623,10
ACS2,55,6.470588235294118,0.9445849959623287,6.850191632254313,8.5,0.666681626186405,10
ACS1,56,6.436781609195402,0.9584201882191888,6.716032997129775,8.7,0.5868658472204231,10
Discop,56,6.222222222222222,0.8950882580476579,6.951518094756336,9.0,0.3316087072214412,10
ACS2,56,6.588235294117647,0.9414660337354851,6.997847036474904,8.5,0.8098705209050404,10
ACS1,57,6.627906976744186,0.9383662036339131,7.0632413561752125,8.6,0.7228710310617029,10
Discop,57,6.0,0.8981038617359997,6.680741789042344,9.5,0.9686212336637087,10
ACS2,57,6.627906976744186,0.9276299435939066,7.144990329943165,8.6,0.7919381199120812,10
ACS1,58,6.590909090909091,0.9601288500318903,6.864608943570622,8.8,0.955015447913236,10
Discop,58,6.304347826086956,0.8915162942123644,7.071489177499232,9.2,0.5642723563856997,10
ACS2,58,6.105263157894737,0.9455189108011127,6.457050290746604,9.5,0.6446681710418611,10
ACS1,59,6.2105263157894735,0.9387990533292379,6.6153947362486685,9.5,0.5033639411019087,10
Discop,59,5.841584158415841,0.8975993223694795,6.508008654680407,10.1,0.7345577846708995,10
ACS2,59,6.555555555555555,0.943620198707714,6.94723954037162,9.0,0.8837773488560355,10
ACS1,60,6.593406593406593,0.9595075908092854,6.871656521076047,9.1,0.7675920341328443,10
Discop,60,6.315789473684211,0.9141725446408565,6.9087498970617665,9.5,0.7625493305232662,10
ACS2,60,6.451612903225806,0.9434078425243572,6.838625472905411,9.3,0.6085806194501846,10
ACS1,61,6.777777777777778,0.9737694629152103,6.960351536889326,9.0,0.6742462646540227,10
Discop,61,6.354166666666667,0.9137244243426774,6.954139013234521,9.6,0.44734823261617823,10
ACS2,61,6.630434782608695,0.9707122978996433,6.8304839620917015,9.2,0.46610057154905316,10
ACS1,62,6.888888888888889,0.9609989160896725,7.1684668666640565,9.0,0.5185767163107001,10
Discop,62,6.595744680851064,0.9154591725873699,7.204848537602673,9.4,0.5897098563126563,10
ACS2,62,6.888888888888889,0.946005067117135,7.282084555722473,9.0,0.6343453577679989,10
ACS1,63,6.702127659574468,0.9559350302801018,7.011070258206412,9.4,0.5992213056080218,10
Discop,63,6.428571428571429,0.9259467547946395,6.942700965561659,9.8,0.6482398733687712,10
ACS2,63,6.631578947368421,0.9613020052119571,6.898538556471883,9.5,0.36893239368631103,10
ACS1,64,6.336633663366337,0.9523116421929666,6.653949592356603,10.1,0.8278140097721999,10
Discop,64,6.095238095238095,0.9110367192614552,6.690441742215709,10.5,0.8275117039941243,10
ACS2,64,6.530612244897959,0.950250049495248,6.872519762947529,9.8,0.5978001974958008,10
ACS1,65,6.914893617021277,0.9563548600300817,7.230468423409039,9.4,0.37295395185701063,10
Discop,65,6.565656565656566,0.9216275279047773,7.123980531031762,9.9,0.6201852603598669,10
ACS2,65,6.701030927835052,0.9463440207465939,7.080967154574977,9.7,0.6163237497352756,10
ACS1,66,6.0,0.9474899250466388,6.332521160797207,11.0,0.548392828069032,10
Discop,66,6.407766990291262,0.9129072879199325,7.01907748473716,10.3,0.5925567118766973,10
ACS2,66,6.534653465346534,0.943749090482348,6.924142795207026,10.1,0.822149020765505,10
ACS1,67,6.568627450980392,0.9617760429573838,6.829685038506877,10.2,0.41498608122127073,10
Discop,67,6.4423076923076925,0.9063017282425901,7.108347575150246,10.4,0.7302211249842788,10
ACS2,67,6.907216494845361,0.9494004537189841,7.275345685572897,9.7,0.8016376694086915,10
ACS1,68,6.666666666666667,0.9533013584871712,6.993241546667094,10.2,0.5884776397631593,10
Discop,68,6.732673267326732,0.9222166683962596,7.300533050475972,10.1,0.6463807815972066,10
ACS2,68,6.476190476190476,0.9599919785766998,6.746088113977978,10.5,0.7600174344692413,10
ACS1,69,6.8316831683168315,0.9626231349100488,7.096944713421219,10.1,0.6085361059339728,10
Discop,69,6.8316831683168315,0.9095899316090628,7.510728660146444,10.1,0.6558863813265776,10
ACS2,69,6.699029126213592,0.9622796886912458,6.961623740936116,10.3,0.519503527328393,10
ACS1,70,6.306306306306307,0.9589289495995742,6.576406217519733,11.1,0.6166144838122017,10
Discop,70,6.086956521739131,0.8995073128354518,6.766989478441991,11.5,0.7479618027406595,10
ACS2,70,6.481481481481482,0.9504459141265984,6.819411168112145,10.8,0.8882790480215917,10
ACS1,71,6.761904761904762,0.973677502431316,6.944706789486236,10.5,0.4316456327240788,10
Discop,71,6.454545454545454,0.912952847987163,7.0699658462933135,11.0,0.7001711420549908,10
ACS2,71,6.635514018691588,0.9472044568565836,7.005366128356671,10.7,0.4133858900500106,10
ACS1,72,6.545454545454546,0.9704116644902879,6.745028718191025,11.0,0.7005443486808514,10
Discop,72,6.101694915254237,0.8993474519392117,6.784580199896602,11.8,0.6300751301757581,10
ACS2,72,6.605504587155964,0.9722645579075645,6.793937445762539,10.9,0.7624438035503351,10
ACS1,73,6.697247706422019,0.9755449235778328,6.865135110190224,10.9,0.5766895695809983,10
Discop,73,6.697247706422019,0.9439598329589849,7.09484394630276,10.9,0.45394921613267114,10
ACS2,73,7.087378640776699,0.9559425631466741,7.414021421378278,10.3,0.5496196738401836,10
ACS1,74,6.851851851851852,0.9589223740953144,7.145366545770884,10.8,0.769767078025796,10
Discop,74,6.379310344827586,0.9123978659540586,6.991807612523285,11.6,0.5770582508508242,10
ACS2,74,6.434782608695652,0.9711408513876457,6.626003426280654,11.5,0.8998553156062079,10
ACS1,75,6.3559322033898304,0.945001190492223,6.725845710394518,11.8,0.41921604224761544,10
Discop,75,6.097560975609756,0.9011191571991458,6.766653363093695,12.3,0.7448375690099008,10
ACS2,75,6.6371681415929205,0.9604789995492828,6.910268881159814,11.3,0.628740377161276,10
ACS1,76,6.608695652173913,0.9539464886212852,6.927742521202939,11.5,0.8580540745172119,10
Discop,76,6.440677966101695,0.9400830857601066,6.85117950068644,11.8,0.7332650765302349,10
ACS2,76,6.909090909090909,0.9614576601524985,7.186058414673243,11.0,0.7149429968603446,10
ACS1,77,6.637931034482759,0.9561923377569311,6.942045833638707,11.6,0.49604920604191555,10
Discop,77,6.260162601626016,0.9119560399161538,6.864544262683519,12.3,0.7366388454747886,10
ACS2,77,6.695652173913044,0.955996179839494,7.003848252863524,11.5,0.5878948633645052,10
ACS1,78,6.782608695652174,0.9500855310288115,7.138945362432311,11.5,0.5653574245087785,10
Discop,78,6.09375,0.9046053353463941,6.736363098794419,12.8,0.5078002346549516,10
ACS2,78,6.724137931034483,0.9701367884426764,6.93112353962835,11.6,0.5654102097010274,10
ACS1,79,6.528925619834711,0.9657361322319894,6.760568857194142,12.1,0.4048781780095347,10
Discop,79,6.26984126984127,0.9064168228725746,6.917172223228576,12.6,0.5949076768869602,10
ACS2,79,6.752136752136752,0.9695338940595051,6.964312226223563,11.7,0.4609097492156818,10
ACS1,80,6.451612903225806,0.9602215603453024,6.718879443725218,12.4,0.7262551106566093,10
Discop,80,6.4,0.924115908959014,6.925538168917997,12.5,0.441138517481968,10
ACS2,80,6.779661016949152,0.9493585949423862,7.141306828702162,11.8,0.5167142797978653,10
ACS1,81,5.955882352941177,0.9622809017434584,6.189338624668038,13.6,0.6470321472237244,10
Discop,81,6.230769230769231,0.9280102133595812,6.714117087367615,13.0,0.6505046887942953,10
ACS2,81,6.428571428571429,0.9675827052082224,6.643950324833482,12.6,0.6337543581172032,10
ACS1,82,6.666666666666667,0.945642324024635,7.049881860504578,12.3,0.5144427040207944,10
Discop,82,6.56,0.9027240948426231,7.266893658292838,12.5,0.5315840018010589,10
ACS2,82,6.721311475409836,0.9524165340223854,7.057113390318212,12.2,0.3533115747962595,10
ACS1,83,6.693548387096774,0.9458309951016223,7.076896847071081,12.4,0.3941348599905499,10
Discop,83,6.693548387096774,0.9275474305396028,7.2163947273324744,12.4,0.3529774545958616,10
ACS2,83,6.384615384615385,0.9621762655774381,6.635598500014691,13.0,0.913160225076153,10
ACS1,84,6.829268292682927,0.9613742494303671,7.1036521903196395,12.3,0.5269900870456921,10
Discop,84,6.666666666666667,0.9264732492295534,7.195746528257136,12.6,0.40180963282554666,10
ACS2,84,6.5625,0.9636386639583331,6.8101252528030125,12.8,0.662211901021887,10
ACS1,85,6.692913385826771,0.9574243791594221,6.990539964840737,12.7,0.5932101147161969,10
Discop,85,6.343283582089552,0.9075234724426868,6.989663380293617,13.4,0.3961852754806067,10
ACS2,85,6.589147286821706,0.9552153131960344,6.8980754347155715,12.9,0.535869914099698,10
ACS1,86,6.771653543307087,0.9705104499833537,6.977414352852394,12.7,0.46450680387355586,10
Discop,86,6.564885496183206,0.9326918936285942,7.038643244386767,13.1,0.4844188361196154,10
ACS2,86,6.771653543307087,0.9533207433836636,7.103226894310677,12.7,0.4871762740077831,10
ACS1,87,6.590909090909091,0.9572432301463422,6.885302380150007,13.2,0.6025427699219883,10
Discop,87,6.350364963503649,0.9213032976217586,6.892806071460296,13.7,0.5576568975327311,10
ACS2,87,6.641221374045801,0.9561488061668828,6.945803133583232,13.1,0.15116382221684016,10
ACS1,88,6.769230769230769,0.9554133186459618,7.085133352363467,13.0,0.5312545640128895,10
Discop,88,6.470588235294118,0.9342461879801005,6.925999076628763,13.6,0.46240465004383663,10
ACS2,88,6.518518518518518,0.9481503534937834,6.87498400912768,13.5,0.5665175354588868,10
ACS1,89,6.223776223776224,0.962145280806042,6.468644962393023,14.3,0.6735141452749571,10
Discop,89,6.3120567375886525,0.9364000733554215,6.740769161807656,14.1,0.8917168169556702,10
ACS2,89,6.449275362318841,0.9621893203300182,6.702709358805629,13.8,0.471378485897381,10
ACS1,90,6.617647058823529,0.9744368325876424,6.791252996102575,13.6,0.584717678435056,10
Discop,90,6.293706293706293,0.9256135260829862,6.799496891904785,14.3,0.817329739290783,10
ACS2,90,6.382978723404255,0.96313342150853,6.627304775081699,14.1,0.6271226483591658,10
ACS1,91,6.546762589928058,0.9600662977915012,6.819073437936498,13.9,0.6857657700396139,10
Discop,91,6.546762589928058,0.9356373310929815,6.997115626286885,13.9,0.4461012953811508,10
ACS2,91,6.842105263157895,0.9745113082711918,7.021062972882239,13.3,0.4877638570526865,10
ACS1,92,6.666666666666667,0.9579204291668456,6.959520293835911,13.8,0.46945907594589936,10
Discop,92,6.052631578947368,0.9084368161755783,6.662688555961767,15.2,0.6497100329471754,10
ACS2,92,6.865671641791045,0.9710140294119858,7.070620437841326,13.4,0.5070571339806526,10
ACS1,93,6.595744680851064,0.9729426671528284,6.779170966108956,14.1,0.672916729366923,10
Discop,93,6.503496503496503,0.9306036774729238,6.98847066793987,14.3,0.4308665964136977,10
ACS2,93,6.642857142857143,0.9715267488371943,6.8375442578476395,14.0,0.6823572298352057,10
ACS1,94,6.762589928057554,0.9723647956621739,6.954786884743473,13.9,0.5078705945422245,10
Discop,94,6.482758620689655,0.9305833270100466,6.96633867438683,14.5,0.6426487321856044,10
ACS2,94,6.762589928057554,0.9564644336283775,7.07040396933889,13.9,0.42371705744153615,10
ACS1,95,7.037037037037037,0.967723503670146,7.271743437406116,13.5,0.44823145448080615,10
Discop,95,6.333333333333333,0.9207055604609528,6.878782539515173,15.0,0.6965662754232959,10
ACS2,95,6.73758865248227,0.9645248652834904,6.985396535632057,14.1,0.5510653164552329,10
ACS1,96,6.808510638297872,0.9659777572602818,7.048309950332868,14.1,0.7552727228395432,10
Discop,96,6.315789473684211,0.9256597481679809,6.823014056929776,15.2,0.8674741329932958,10
ACS2,96,6.713286713286713,0.9628664428827809,6.97218888757554,14.3,0.44476551887865556,10
ACS1,97,6.298701298701299,0.9740880759179356,6.4662543915915345,15.4,0.7829324268290212,10
Discop,97,6.466666666666667,0.9368415888692125,6.902625527622091,15.0,0.4904655246074939,10
ACS2,97,6.298701298701299,0.976588014857811,6.449701617133173,15.4,0.6231702115688083,10
ACS1,98,6.901408450704225,0.9591699902825003,7.195188048649836,14.2,0.36648931443914085,10
Discop,98,6.666666666666667,0.9265045465444005,7.195503456007254,14.7,0.46982156525945035,10
ACS2,98,6.853146853146853,0.9690324080983075,7.072154445893008,14.3,0.4540314671886276,10
ACS1,99,6.556291390728477,0.9717695269308002,6.746755489890301,15.1,0.386120817509605,10
Discop,99,6.470588235294118,0.932680918576863,6.937622617140389,15.3,0.5347159324144192,10
ACS2,99,6.780821917808219,0.97977290895904,6.92080976704337,14.6,0.4029060060150621,10
ACS1,100,6.329113924050633,0.974706545706721,6.493353257889167,15.8,0.7855294736173151,10
Discop,100,6.211180124223603,0.9183349159650752,6.763523869389517,16.1,0.8072159744000276,10
ACS2,100,6.4935064935064934,0.9668915258791337,6.715858314718764,15.4,0.9739582889666087,10
ACS1,101,6.688741721854305,0.970845894771937,6.889601900645177,15.1,0.6388158513139174,10
Discop,101,6.3125,0.9248689601413254,6.825291227240898,16.0,0.3586282023470678,10
ACS2,101,6.43312101910828,0.9658126161741935,6.660837631828994,15.7,0.7660812865793779,10
ACS1,102,6.754966887417218,0.9704481671822296,6.960667365708754,15.1,0.4352886289304953,10
Discop,102,6.181818181818182,0.9174312929429207,6.738181081646179,16.5,0.738381473105886,10
ACS2,102,6.580645161290323,0.9645556519023494,6.822462911612839,15.5,0.5539810801552636,10
ACS1,103,6.821192052980132,0.9786721571532392,6.9698437859125475,15.1,0.4905382091174857,10
Discop,103,6.242424242424242,0.919028122839805,6.79241917334923,16.5,0.5287047295313774,10
ACS2,103,6.602564102564102,0.96225783628516,6.861533212401366,15.6,0.6329254897173824,10
ACS1,104,6.753246753246753,0.9654663550351439,6.994802789374186,15.4,0.7569530863420278,10
Discop,104,6.265060240963855,0.9290392365722973,6.743590576517391,16.6,0.7866661431572811,10
ACS2,104,6.7973856209150325,0.9681108651993747,7.0212884342695245,15.3,0.7843487322922352,10
ACS1,105,6.60377358490566,0.9750402859073237,6.772821267339245,15.9,0.6162971797858524,10
Discop,105,6.521739130434782,0.9336193061018491,6.985437305988317,16.1,0.7014663974406228,10
ACS2,105,6.774193548387097,0.9586772488259335,7.066187871552466,15.5,0.4711556588382869,10
ACS1,106,6.708860759493671,0.9606118384777691,6.98394553425955,15.8,0.6307626879341721,10
Discop,106,6.1988304093567255,0.924317832077987,6.706384096713731,17.1,0.6569769386008645,10
ACS2,106,6.973684210526316,0.9739666344563737,7.160085329225602,15.2,0.68897899002127,10
ACS1,107,6.772151898734177,0.9582253066433404,7.067389946584691,15.8,0.6844971882392147,10
Discop,107,6.22093023255814,0.9239470832999317,6.732994069681696,17.2,0.500940679619838,10
ACS2,107,6.6875,0.9783704911076981,6.8353451588963,16.0,0.4901032876844099,10
ACS1,108,6.545454545454546,0.9755189538531177,6.709715397739042,16.5,0.5543700076639689,10
Discop,108,6.101694915254237,0.9217222680346194,6.619884456371906,17.7,0.676175083921046,10
ACS2,108,6.506024096385542,0.9746053657645536,6.675547175221767,16.6,0.6736006017534856,10
ACS1,109,6.942675159235669,0.969282363410066,7.162696259952984,15.7,0.3908844303116745,10
Discop,109,6.488095238095238,0.9257304581038639,7.008622414114515,16.8,0.40764489151020405,10
ACS2,109,6.6871165644171775,0.9717621595569279,6.881433382285794,16.3,0.5509739230425241,10
ACS1,110,6.470588235294118,0.9606267624050264,6.735798427158477,17.0,0.6076888291272299,10
Discop,110,6.111111111111111,0.9240285090078777,6.61355255983667,18.0,0.6108254603456093,10
ACS2,110,6.470588235294118,0.9658200057279234,6.699579835703793,17.0,0.6040835875933448,10
ACS1,111,6.851851851851852,0.9719796066092478,7.049378202238777,16.2,0.6702626093495588,10
Discop,111,6.491228070175438,0.9379318394416696,6.920788694026556,17.1,0.529422466985772,10
ACS2,111,6.7272727272727275,0.9821757905776488,6.8493571026793525,16.5,0.5697691745435235,10
ACS1,112,6.829268292682927,0.9753318649602624,7.001994437002393,16.4,0.5927830175908025,10
Discop,112,6.627218934911243,0.9272507415249981,7.147170272424718,16.9,0.5983402339824039,10
ACS2,112,6.829268292682927,0.9756666698210453,6.999591667854695,16.4,0.41696037066924957,10
ACS1,113,6.608187134502924,0.9710313473033665,6.805328327303131,17.1,0.6112037676128235,10
Discop,113,6.457142857142857,0.9120827316251625,7.079558282654277,17.5,0.6292587911987646,10
ACS2,113,6.608187134502924,0.9694160300503153,6.816667900736015,17.1,0.448557835821042,10
ACS1,114,6.951219512195122,0.9725303158836153,7.147560748149458,16.4,0.4150167930930938,10
Discop,114,6.705882352941177,0.9477851417621483,7.075319138759038,17.0,0.5374601572080477,10
ACS2,114,7.125,0.965295958228336,7.381155944211066,16.0,0.6061580886240013,10
ACS1,115,6.571428571428571,0.9631565153217164,6.822804463128781,17.5,0.4606821444646155,10
Discop,115,6.182795698924731,0.9167036096052406,6.7445962186046415,18.6,0.6416721559747136,10
ACS2,115,6.686046511627907,0.9683485499859968,6.904586692182885,17.2,0.3992227482251166,10
ACS1,116,6.904761904761905,0.9657462725757072,7.149664565980112,16.8,0.5674778329296326,10
Discop,116,6.705202312138728,0.9349153448360893,7.17198872515489,17.3,0.6625972285450229,10
ACS2,116,7.160493827160494,0.9701879177799315,7.380522572931808,16.2,0.5319107183970625,10
ACS1,117,6.358695652173913,0.9682337415327318,6.567314667332272,18.4,0.7146751815861646,10
Discop,117,6.324324324324325,0.9266835524670848,6.824686061911043,18.5,0.6276160660951552,10
ACS2,117,6.157894736842105,0.9799458961458747,6.283912980360542,19.0,0.6601283846811314,10
ACS1,118,6.820809248554913,0.9644336481133227,7.072346824375269,17.3,0.4528754693574433,10
Discop,118,6.519337016574585,0.9327514270269505,6.989361610900241,18.1,0.4415610757881638,10
ACS2,118,6.666666666666667,0.9746568293063087,6.840014317050982,17.7,0.3905714142146417,10
ACS1,119,6.9186046511627906,0.9867817617509981,7.011281439663062,17.2,0.46578926648757624,10
Discop,119,6.296296296296297,0.9180819779420678,6.858098130201617,18.9,0.5034075054180429,10
ACS2,119,6.72316384180791,0.9739636736238595,6.9028897318036595,17.7,0.3380575717399325,10
ACS1,120,6.70391061452514,0.9721852656456602,6.895713040942718,17.9,0.5563997146811398,10
Discop,120,6.25,0.9275459338568129,6.738210768723853,19.2,0.7634445375471279,10
ACS2,120,6.666666666666667,0.9835710219176309,6.7780226522624885,18.0,0.5591943336772488,10
ACS1,121,6.4361702127659575,0.9785651325223905,6.577150563474314,18.8,0.45350454439264565,10
Discop,121,6.269430051813472,0.9261646753087159,6.769239012191541,19.3,0.506163610081998,10
ACS2,121,6.685082872928176,0.9600772790871412,6.963067472323138,18.1,0.3601804321313428,10
ACS1,122,6.666666666666667,0.9773965909878007,6.820840923876188,18.3,0.5168159259683919,10
Discop,122,6.387434554973822,0.9221321730171029,6.926810214282973,19.1,0.4394680373582881,10
ACS2,122,6.7032967032967035,0.9683849878270769,6.922140251614166,18.2,0.5098433422222209,10
ACS1,123,6.684782608695652,0.973203985168673,6.868840151262908,18.4,0.7317446981101016,10
Discop,123,6.373056994818653,0.9344598335368227,6.820043800809894,19.3,0.7568215050336948,10
ACS2,123,6.612903225806452,0.9741419952491345,6.788438706120269,18.6,0.6181573593549754,10
ACS1,124,6.739130434782608,0.9789681182946859,6.883912058874645,18.4,0.5735895085028573,10
Discop,124,6.492146596858639,0.9355259012549515,6.939569057521354,19.1,0.4750143651521865,10
ACS2,124,6.966292134831461,0.9834870917291567,7.083257313101486,17.8,0.609292092113815,10
ACS1,125,6.684491978609626,0.9672030005531498,6.911157197389504,18.7,0.518756416838829,10
Discop,125,6.410256410256411,0.9279801838035245,6.907751396137155,19.5,0.5254182279955918,10
ACS2,125,6.906077348066298,0.9889350424883545,6.983347794703739,18.1,0.50973646127493,10
ACS1,126,6.961325966850829,0.9661695707081395,7.205076808358423,18.1,0.3750639210623902,10
Discop,126,6.461538461538462,0.9380331250997981,6.88839049351377,19.5,0.6510192077952605,10
ACS2,126,6.8478260869565215,0.9737545207121683,7.0323946552240635,18.4,0.4998815071967594,10
ACS1,127,6.791443850267379,0.9707293778846291,6.996227790145793,18.7,0.376770718927043,10
Discop,127,6.684210526315789,0.92010617962072,7.264607796755707,19.0,0.43437488680179,10
ACS2,127,6.791443850267379,0.980804277404268,6.924361982026799,18.7,0.6513740455435614,10
ACS1,128,6.2439024390243905,0.9721463411730814,6.42280094526707,20.5,0.7935552102960315,10
Discop,128,6.2745098039215685,0.9410270378184727,6.667725316870165,20.4,0.7892481804236949,10
ACS2,128,6.305418719211823,0.9768814488017641,6.454640659770953,20.3,0.7664375461982853,10
ACS1,129,6.972972972972973,0.9804540596789131,7.111983375596953,18.5,0.6845085643769565,10
Discop,129,6.3861386138613865,0.9148058635741765,6.980867600597283,20.2,0.5988299091505048,10
ACS2,129,6.515151515151516,0.9795110798764205,6.651432177748817,19.8,0.34579125705738645,10
ACS1,130,6.565656565656566,0.9728014966917038,6.74922539488786,19.8,0.7093366772629086,10
Discop,130,6.220095693779904,0.9354475581461409,6.649325918501319,20.9,0.5927833338251848,10
ACS2,130,6.5,0.971477193005297,6.690841583107097,20.0,0.4527084890880852,10
ACS1,131,6.582914572864322,0.974949360198561,6.752057944346593,19.9,0.5919757607648305,10
Discop,131,6.298076923076923,0.9318452908510083,6.758715191150669,20.8,0.561669350403891,10
ACS2,131,6.45320197044335,0.9654486023619996,6.684148648260916,20.3,0.5647758280659674,10
ACS1,132,6.700507614213198,0.9714885017633906,6.897155861392922,19.7,0.5086181313357089,10
Discop,132,6.633165829145729,0.9361330020111656,7.085708777380132,19.9,0.6369687926750056,10
ACS2,132,6.73469387755102,0.9722596524895788,6.926847021066943,19.6,0.8499589879822295,10
ACS1,133,6.519607843137255,0.9720092813223427,6.70735143008906,20.4,0.4197495682315935,10
Discop,133,6.186046511627907,0.9316869862786169,6.639618887816039,21.5,0.7590724136887881,10
ACS2,133,6.519607843137255,0.9755674455123025,6.682887865034893,20.4,0.5509368055606642,10
ACS1,134,6.836734693877551,0.972037114212312,7.033409109504715,19.6,0.5179494864194198,10
Discop,134,6.4423076923076925,0.9341142234338528,6.896702277613794,20.8,0.49980501126403065,10
ACS2,134,6.666666666666667,0.9788272334592762,6.810871662311622,20.1,0.6575852468866378,10
ACS1,135,6.994818652849741,0.969656638416921,7.213706765592415,19.3,0.34275994945421473,10
Discop,135,6.818181818181818,0.9436009748634393,7.22570450837926,19.8,0.4892358507159054,10
ACS2,135,6.852791878172589,0.9749645012253876,7.028760400568054,19.7,0.46132567201489155,10
ACS1,136,6.570048309178744,0.9789847451632046,6.711083437856291,20.7,0.37592752034391036,10
Discop,136,6.153846153846154,0.9234794947889894,6.663760471749596,22.1,0.522096478808267,10
ACS2,136,6.666666666666667,0.9744766272342026,6.841279185513417,20.4,0.5265201716119059,10
ACS1,137,7.135416666666667,0.9866633955542145,7.231865192139476,19.2,0.4906767201140233,10
Discop,137,6.462264150943396,0.9282412547990259,6.9618368258611225,21.2,0.516121714599227,10
ACS2,137,6.8159203980099505,0.9797738661421918,6.9566260476484025,20.1,0.5254833139530917,10
ACS1,138,6.666666666666667,0.9710431211547631,6.865469227297215,20.7,0.6756758161246724,10
Discop,138,6.634615384615385,0.9376164440074103,7.07604418311903,20.8,0.5991198858440618,10
ACS2,138,6.6028708133971294,0.9774797115795584,6.754995254814261,20.9,0.6782868903596464,10
ACS1,139,6.780487804878049,0.9660679127946245,7.018645081859278,20.5,0.5097400020456421,10
Discop,139,6.435185185185185,0.9343316760261371,6.887474063338046,21.6,0.3808194670347099,10
ACS2,139,6.6826923076923075,0.9828232415449714,6.799485426481467,20.8,0.6203721717684687,10
ACS1,140,6.698564593301436,0.975925954071118,6.863804129153527,20.9,0.73806511632379,10
Discop,140,6.334841628959276,0.920581071394158,6.881351165916962,22.1,0.6328013277931002,10
ACS2,140,6.829268292682927,0.9877997764753605,6.9136159526690015,20.5,0.48484973605255455,10
ACS1,141,7.05,0.9772161730932005,7.214370979641592,20.0,0.28868061788522176,10
Discop,141,6.778846153846154,0.9407122539281175,7.206078293909568,20.8,0.4302391709930565,10
ACS2,141,6.945812807881773,0.9785675029150637,7.097939372798328,20.3,0.35480132766880246,10
ACS1,142,6.859903381642512,0.9804151086762366,6.996937645019366,20.7,0.6187567194013976,10
Discop,142,6.283185840707965,0.9313395668748511,6.746396335110575,22.6,0.538932637129589,10
ACS2,142,6.729857819905213,0.9827081452365675,6.8482772352366466,21.1,0.6219574024965703,10
ACS1,143,6.5,0.9789444285370105,6.639804886283448,22.0,0.7867765386331196,10
Discop,143,6.190476190476191,0.9288160004398336,6.664911228429246,23.1,0.4229872672155254,10
ACS2,143,6.651162790697675,0.98122721266112,6.778412486807725,21.5,0.7620199418109727,10
ACS1,144,6.857142857142857,0.9774229401105229,7.015532965051424,21.0,0.43151278509796165,10
Discop,144,6.605504587155964,0.9374756422553282,7.046054627365889,21.8,0.46182846474355266,10
ACS2,144,6.889952153110048,0.9759784602295618,7.059533005973768,20.9,0.45736651035404313,10
ACS1,145,6.590909090909091,0.971672406680206,6.783056764395978,22.0,0.4668952539318065,10
Discop,145,6.531531531531532,0.929183417945362,7.029324248999459,22.2,0.30215647499915194,10
ACS2,145,6.651376146788991,0.9786286973386333,6.796628961400082,21.8,0.5670873869590239,10
ACS1,146,6.919431279620853,0.9846228258045162,7.027494283374063,21.1,0.5404387377377798,10
Discop,146,6.636363636363637,0.9385751652326895,7.070678920764289,22.0,0.5225446133933003,10
ACS2,146,6.7592592592592595,0.9855274665904996,6.858519410568418,21.6,0.44357221522084,10
ACS1,147,6.901408450704225,0.9858192230454846,7.000683583125667,21.3,0.5417927830525819,10
Discop,147,6.869158878504673,0.9480977597943565,7.245201043397256,21.4,0.5296459260415011,10
ACS2,147,6.901408450704225,0.983015713960359,7.0206491642945705,21.3,0.555959049255966,10
ACS1,148,6.462882096069869,0.9770440592341101,6.614729433118936,22.9,0.6329406981056918,10
Discop,148,6.462882096069869,0.9303863249904724,6.946450009501217,22.9,0.7215902605585518,10
ACS2,148,6.5777777777777775,0.9746667378828096,6.748745516920129,22.5,0.8252694042385701,10
ACS1,149,6.834862385321101,0.9878841267981325,6.918688335922376,21.8,0.48525001647659227,10
Discop,149,6.563876651982379,0.9379924414630011,6.997792691958797,22.7,0.4328439688032577,10
ACS2,149,6.742081447963801,0.9740366201420011,6.921794631274642,22.1,0.4620824698848978,10
ACS1,150,7.042253521126761,0.9755756806438044,7.218561984324393,21.3,0.45309446827092703,10
Discop,150,6.6371681415929205,0.9327437888008145,7.1157462759693315,22.6,0.34696454741765936,10
ACS2,150,7.0754716981132075,0.97241729784744,7.276168074936137,21.2,0.3019903994004371,10
ACS1,151,6.801801801801802,0.9711505153919457,7.003859539792005,22.2,0.24510870231541415,10
Discop,151,6.711111111111111,0.9354171286740541,7.1744582233853835,22.5,0.3237185371602164,10
ACS2,151,6.741071428571429,0.9760031545650477,6.906813156332023,22.4,0.5267273314332493,10
ACS1,152,6.940639269406392,0.9871508778369454,7.030981205846454,21.9,0.6140681533205855,10
Discop,152,6.877828054298643,0.9384357280698972,7.329034742149506,22.1,0.37999199506536613,10
ACS2,152,6.972477064220183,0.9793706496536829,7.119344516486923,21.8,0.249954457388335,10
ACS1,153,6.954545454545454,0.980705737871738,7.0913681708824745,22.0,0.45769293737702704,10
Discop,153,6.348547717842323,0.9268510118376792,6.849588161159772,24.1,0.5489562573127067,10
ACS2,153,6.986301369863014,0.984367148237205,7.097251652875672,21.9,0.5137534961869324,10
ACS1,154,6.875,0.9774294758975278,7.033755549153057,22.4,0.6006560902478592,10
Discop,154,6.609442060085837,0.9351447623606872,7.067827705521129,23.3,0.5388442344069982,10
ACS2,154,7.064220183486238,0.9843862180484338,7.176268881020299,21.8,0.5585154348836658,10
ACS1,155,6.919642857142857,0.9769086935339688,7.083203274720627,22.4,0.4535605095669717,10
Discop,155,6.352459016393443,0.9443639077316445,6.726706690487574,24.4,0.5983973423998644,10
ACS2,155,6.888888888888889,0.9773313135792123,7.048673047894262,22.5,0.29420254657658984,10
ACS1,156,6.872246696035242,0.984037507056868,6.983724346635186,22.7,0.6346699932265154,10
Discop,156,6.117647058823529,0.938535813409607,6.518288350232185,25.5,0.6331095801861069,10
ACS2,156,7.027027027027027,0.97710441610393,7.191684850884551,22.2,0.42273906047250354,10
ACS1,157,6.5966386554621845,0.9783876313085638,6.742356959929451,23.8,0.752697399162415,10
Discop,157,6.305220883534137,0.9329102027743251,6.758657869517798,24.9,0.42699980625361683,10
ACS2,157,6.6525423728813555,0.9809395754769077,6.781806483490137,23.6,0.48469716324032364,10
ACS1,158,6.781115879828326,0.9824992628609643,6.901904292612113,23.3,0.34996451851125865,10
Discop,158,6.4227642276422765,0.9331177551376194,6.883122941643121,24.6,0.3511040213123052,10
ACS2,158,6.475409836065574,0.9786464219893057,6.6167000569040395,24.4,0.5478311268920782,10
ACS1,159,6.737288135593221,0.9797134728751663,6.876794411963421,23.6,0.6552228697437327,10
Discop,159,6.489795918367347,0.9283548114177983,6.990641766003266,24.5,0.459867709632005,10
ACS2,159,6.516393442622951,0.9852883690435231,6.6136916331903866,24.4,0.5079166422179144,10
ACS1,160,6.374501992031872,0.9836502371140029,6.48045590954611,25.1,0.6545065209336558,10
Discop,160,6.015037593984962,0.926681563149706,6.490943419161593,26.6,0.5917917505812738,10
ACS2,160,6.504065040650406,0.978580146652694,6.6464306095908885,24.6,0.7535662688831719,10
ACS1,161,6.880341880341881,0.9878438592835787,6.965009516110939,23.4,0.430199499092558,10
Discop,161,6.625514403292181,0.9471452374062507,6.995246496129883,24.3,0.455030842660183,10
ACS2,161,6.764705882352941,0.9868657435143464,6.854737766317653,23.8,0.3753452551184737,10
ACS1,162,6.80672268907563,0.986819651018287,6.89763593788577,23.8,0.424459730524377,10
Discop,162,6.428571428571429,0.9370091086448228,6.860735257812959,25.2,0.4157192319827361,10
ACS2,162,6.864406779661017,0.9735644318134347,7.050798648092407,23.6,0.4487836913668989,10
ACS1,163,6.906779661016949,0.9830019141143175,7.026211812862991,23.6,0.5583237720367756,10
Discop,163,6.763485477178423,0.9373035757604105,7.215896377746538,24.1,0.36664118387292854,10
ACS2,163,6.707818930041152,0.9774270414899324,6.862731073836618,24.3,0.46860661129338194,10
ACS1,164,6.6396761133603235,0.9798511566069585,6.77620888498237,24.7,0.8359236067174588,10
Discop,164,6.381322957198444,0.9337921601973446,6.833772255969504,25.7,0.5781621933502711,10
ACS2,164,6.890756302521009,0.9733430480710982,7.079473486944421,23.8,0.3274611706751219,10
ACS1,165,6.991525423728813,0.9825037550108093,7.116029214210885,23.6,0.565299402572446,10
Discop,165,6.6,0.9387770306946706,7.03042339576222,25.0,0.31002804258899386,10
ACS2,165,6.903765690376569,0.9797896275579945,7.046171439458242,23.9,0.42791393850156534,10
ACS1,166,6.587301587301587,0.9737512560320796,6.764870952920828,25.2,0.38846363802114026,10
Discop,166,6.2406015037593985,0.924913758174868,6.747225293819799,26.6,0.5833591673933062,10
ACS2,166,6.64,0.9829579825415118,6.755120888109357,25.0,0.437990224910085,10
ACS1,167,6.872427983539095,0.9762309449586827,7.039756339448918,24.3,0.40780378416317525,10
Discop,167,6.600790513833992,0.9366502461679259,7.0472308536078465,25.3,0.48529854289835,10
ACS2,167,6.844262295081967,0.9776469576486613,7.000750364470118,24.4,0.6521116193533835,10
ACS1,168,6.970954356846473,0.9765754328870103,7.138162728749507,24.1,0.35446350357216255,10
Discop,168,6.588235294117647,0.9396064842472099,7.011696284105555,25.5,0.5435624457598476,10
ACS2,168,6.9421487603305785,0.9847289016659543,7.049807057136154,24.2,0.4670153370789477,10
ACS1,169,6.679841897233201,0.9797211828790773,6.818105001673384,25.3,0.49096629134351466,10
Discop,169,6.450381679389313,0.9398315595550109,6.8633380245747695,26.2,0.5322212643129826,10
ACS2,169,6.814516129032258,0.9849941163328729,6.918331811364173,24.8,0.5839975739028159,10
ACS1,170,6.827309236947791,0.9838961383775524,6.939054815486972,24.9,0.5415426131651883,10
Discop,170,6.719367588932807,0.9480300332084904,7.087715951563198,25.3,0.4275545561229296,10
ACS2,170,6.995884773662551,0.9804804375701662,7.135159974226313,24.3,0.6610115384888037,10
ACS1,171,6.923076923076923,0.9775766821283429,7.08187608158192,24.7,0.4628063632195542,10
Discop,171,6.84,0.9421688086946184,7.25984551481477,25.0,0.4105525309561228,10
ACS2,171,6.923076923076923,0.9803768044330107,7.0616490432786225,24.7,0.3717787595560417,10
ACS1,172,6.745098039215686,0.9837359018185903,6.856614693787543,25.5,0.5245297978441493,10
Discop,172,6.564885496183206,0.947172622795083,6.931033835005061,26.2,0.43951880713530617,10
ACS2,172,6.71875,0.979339536517071,6.860490922172511,25.6,0.5547309806815798,10
ACS1,173,6.67953667953668,0.9811500567488473,6.807864539772935,25.9,0.4787140695655056,10
Discop,173,6.3837638376383765,0.947023402981993,6.740872313753961,27.1,0.5781475442987662,10
ACS2,173,6.67953667953668,0.9891047907638425,6.753113261516371,25.9,0.5981829308740495,10
ACS1,174,6.96,0.9805019165593009,7.09840529881214,25.0,0.5014156039842371,10
Discop,174,6.566037735849057,0.9363659898085493,7.012255685612373,26.5,0.5729223792174722,10
ACS2,174,6.744186046511628,0.979648601103744,6.8842909987449925,25.8,0.49153484772371187,10
ACS1,175,6.704980842911877,0.9804714168555146,6.838527597689208,26.1,0.6226107380279783,10
Discop,175,6.363636363636363,0.943263090664552,6.746406624638546,27.5,0.4786116751045106,10
ACS2,175,6.529850746268656,0.981505755408128,6.6528909385288575,26.8,0.6508458731423568,10
ACS1,176,6.567164179104478,0.9783867208741795,6.712237644882156,26.8,0.6588341637494843,10
Discop,176,6.353790613718411,0.9371275666599317,6.780070120404535,27.7,0.4651733670528761,10
ACS2,176,6.5427509293680295,0.982602701875811,6.658592447260493,26.9,0.4925797878793289,10
ACS1,177,6.88715953307393,0.982457430310727,7.0101353204644115,25.7,0.49999737120725857,10
Discop,177,6.679245283018868,0.9298198129866311,7.18337595062077,26.5,0.3210388553901097,10
ACS2,177,7.108433734939759,0.9819704553747082,7.23894868326488,24.9,0.3407215118797806,10
ACS1,178,6.846153846153846,0.9794345416366336,6.98990443477104,26.0,0.4892955838340551,10
Discop,178,6.379928315412187,0.94603051279042,6.743892748864826,27.9,0.6114218968796851,10
ACS2,178,6.953125,0.9887917211034096,7.031940955412621,25.6,0.2624166380510611,10
ACS1,179,6.580882352941177,0.9784715320707332,6.725675849775717,27.2,0.9042359515981864,10
Discop,179,6.13013698630137,0.9312989802906755,6.582351227731444,29.2,0.9499983092800934,10
ACS2,179,6.78030303030303,0.9847049682910498,6.885618788001253,26.4,0.45834497703789423,10
ACS1,180,6.976744186046512,0.9935015120010308,7.02237903190959,25.8,0.43257855534101136,10
Discop,180,6.338028169014085,0.9422273651823475,6.726644123509932,28.4,0.5258244970032897,10
ACS2,180,6.870229007633588,0.979884469866243,7.0112643060578295,26.2,0.4221780142260065,10
ACS1,181,6.804511278195489,0.9880878904416626,6.886544551369777,26.6,0.373071232030131,10
Discop,181,6.510791366906475,0.929771252049673,7.002573323872393,27.8,0.39243846008650285,10
ACS2,181,6.654411764705882,0.9764792027627267,6.814698916145609,27.2,0.43360056563046184,10
ACS1,182,6.842105263157895,0.9824677302464028,6.964203558565629,26.6,0.7062392083811891,10
Discop,182,6.5,0.9441845674932905,6.884247237017237,28.0,0.5486854672400333,10
ACS2,182,6.765799256505576,0.9890990580422453,6.8403656858164785,26.9,0.6888932553936622,10
ACS1,183,6.802973977695167,0.9810952505251067,6.934060657264466,26.9,0.40717215398717554,10
Discop,183,6.559139784946237,0.9387040622847874,6.987441568092737,27.9,0.46275144638113735,10
ACS2,183,6.984732824427481,0.9867835980958526,7.078282247400113,26.2,0.31401801583539396,10
ACS1,184,6.917293233082707,0.985230046965518,7.020992969497615,26.6,0.3240968853430703,10
Discop,184,6.47887323943662,0.9376544027259149,6.909660127016387,28.4,0.38253468160716814,10
ACS2,184,6.917293233082707,0.9823334392854977,7.041695779097182,26.6,0.29702095731038347,10
ACS1,185,7.034220532319392,0.9835515424510102,7.151857557754539,26.3,0.42089136672657373,10
Discop,185,6.423611111111111,0.9321007559920728,6.891541574037455,28.8,0.38774618218583873,10
ACS2,185,6.954887218045113,0.9766134183573629,7.121433196917407,26.6,0.4021267435232836,10
ACS1,186,6.91449814126394,0.9789904603023185,7.062886127745003,26.9,0.35927010222830486,10
Discop,186,6.642857142857143,0.9432537229869731,7.042492365491448,28.0,0.4013643658483971,10
ACS2,186,6.966292134831461,0.9831382669706955,7.085770505400443,26.7,0.40673859115705857,10
ACS1,187,6.900369003690037,0.9820213817575048,7.0266993487866625,27.1,0.4720144476874735,10
Discop,187,6.678571428571429,0.9372090443077179,7.126021103973282,28.0,0.4076699403651672,10
ACS2,187,7.083333333333333,0.9836469144760609,7.201093430060997,26.4,0.4551808497028227,10
ACS1,188,6.937269372693727,0.9885613041462872,7.017540888558947,27.1,0.33368290110118726,10
Discop,188,6.666666666666667,0.9361267036275277,7.121543099703354,28.2,0.361043730457408,10
ACS2,188,7.09433962264151,0.9883146810286277,7.178219406047671,26.5,0.3409904226742405,10
ACS1,189,6.774193548387097,0.9843667445848492,6.881778143819835,27.9,0.38509134631082353,10
Discop,189,6.539792387543253,0.939469134097737,6.96115726444174,28.9,0.5391476290742183,10
ACS2,189,6.923076923076923,0.9869605432935299,7.0145427495757,27.3,0.45324527707610895,10
ACS1,190,6.643356643356643,0.9865135240495192,6.734176958959939,28.6,0.6705573474224945,10
Discop,190,6.354515050167224,0.9328004547010754,6.812298405454345,29.9,0.6693187149606523,10
ACS2,190,6.884057971014493,0.9818574291424791,7.011260257028146,27.6,0.6274743986791361,10
ACS1,191,6.631944444444445,0.9887008980083979,6.707735835785712,28.8,0.5815464449804421,10
Discop,191,6.201298701298701,0.9390077115810036,6.604097735105497,30.8,0.4935434667110882,10
ACS2,191,6.749116607773852,0.9864529117253374,6.841803118579104,28.3,0.43380519323763195,10
ACS1,192,6.832740213523132,0.9876216959022232,6.918378000273892,28.1,0.448870182390592,10
Discop,192,6.575342465753424,0.9315617929753063,7.058407198896061,29.2,0.3100848015000827,10
ACS2,192,7.164179104477612,0.9833758907512554,7.28529057083604,26.8,0.30026976043699793,10
ACS1,193,6.819787985865724,0.9836756999745139,6.932963766455162,28.3,0.35298608922458197,10
Discop,193,6.03125,0.9356582905149737,6.44599642961586,32.0,0.5429212342678216,10
ACS2,193,6.476510067114094,0.9836517194946297,6.584149591525675,29.8,0.6849935899020267,10
ACS1,194,6.621160409556314,0.9848078290308009,6.723301962447366,29.3,0.8596268264969549,10
Discop,194,6.510067114093959,0.9456463705533905,6.884251150125263,29.8,0.6340785380762192,10
ACS2,194,6.830985915492958,0.9841151257903732,6.941246746925857,28.4,0.4338170550227774,10
ACS1,195,6.701030927835052,0.986175124658503,6.794970548618851,29.1,0.4058018131247032,10
Discop,195,6.270096463022508,0.9342077499039537,6.711672498614082,31.1,0.249443469178854,10
ACS2,195,6.747404844290657,0.9813368768834807,6.875727391106502,28.9,0.2785783891232675,10
ACS1,196,6.829268292682927,0.9870922777529199,6.918571289230943,28.7,0.631047189059271,10
Discop,196,6.511627906976744,0.940299983156965,6.925053731378993,30.1,0.36659677772655774,10
ACS2,196,6.87719298245614,0.9828868218086259,6.996932739215393,28.5,0.4337460516726959,10
ACS1,197,6.769759450171821,0.983250749810668,6.885079367064187,29.1,0.47690247986224066,10
Discop,197,6.459016393442623,0.9511093179299037,6.791034712498368,30.5,0.7091077793739525,10
ACS2,197,6.52317880794702,0.9883439361583279,6.6001101127836925,30.2,0.703194903273078,10
ACS1,198,6.996466431095406,0.9860799864492034,7.095232158893248,28.3,0.5006932338607123,10
Discop,198,6.85121107266436,0.9512553010149131,7.202284250457966,28.9,0.5769034879833382,10
ACS2,198,6.804123711340206,0.9886910153621404,6.881951596220355,29.1,0.37477668240014433,10
ACS1,199,7.031802120141343,0.9808180960350918,7.169323392958441,28.3,0.42347615769382585,10
Discop,199,6.440129449838188,0.9373916498831778,6.8702654334938735,30.9,0.4247386206180451,10
ACS2,199,6.815068493150685,0.9803510078577764,6.951661638052169,29.2,0.5251718468524409,10
ACS1,200,6.896551724137931,0.9833772912695186,7.0131289235229675,29.0,0.37344479449500756,10
Discop,200,6.578947368421052,0.9377286217626879,7.015832956078837,30.4,0.38721908379295433,10
ACS2,200,7.017543859649122,0.9896164854387108,7.091175180391368,28.5,0.2667536087182554,10
ACS1,201,6.907216494845361,0.9876270026927138,6.993750146576788,29.1,0.45514541371684925,10
Discop,201,6.261682242990654,0.9380560390964605,6.675168627475531,32.1,0.5615985965509884,10
ACS2,201,6.907216494845361,0.9882491227242799,6.98934745907431,29.1,0.43037189374853485,10
ACS1,202,6.710963455149502,0.9875582622428808,6.7955114262402905,30.1,0.5087928198407876,10
Discop,202,6.3125,0.9276627072597972,6.804736194091878,32.0,0.49798525776659436,10
ACS2,202,6.801346801346801,0.9896046421501439,6.872791932917078,29.7,0.4651386253988614,10
ACS1,203,6.677631578947368,0.9860700446831944,6.771964745255764,30.4,0.656104150459361,10
Discop,203,6.485623003194888,0.9335692957368253,6.947125438691801,31.3,0.5915012678620478,10
ACS2,203,6.7218543046357615,0.9811756034720253,6.850816796554615,30.2,0.5079314851481617,10
ACS1,204,6.8,0.9804040859362723,6.935915606171811,30.0,0.40030746120199684,10
Discop,204,6.455696202531645,0.9330166035775561,6.919165401535131,31.6,0.4657371564222378,10
ACS2,204,6.891891891891892,0.9792030781479669,7.038266163263083,29.6,0.46591836617400495,10
ACS1,205,6.4263322884012535,0.990694793706435,6.486692298400752,31.9,0.5710908877638274,10
Discop,205,6.193353474320242,0.9389794365468221,6.595835045224029,33.1,0.5144205438485625,10
ACS2,205,6.212121212121212,0.9860172236107662,6.300215719734191,33.0,0.6839042872627596,10
ACS1,206,6.602564102564102,0.9851090389933762,6.7023688152439105,31.2,0.6438882028808014,10
Discop,206,6.22356495468278,0.9347086599523196,6.658293884856326,33.1,0.600866002546383,10
ACS2,206,6.62379421221865,0.9780686141572295,6.772320588086923,31.1,0.5181425453285196,10
ACS1,207,6.786885245901639,0.9839655378690456,6.897482670582001,30.5,0.595904617332759,10
Discop,207,6.4890282131661445,0.9285441652225935,6.988389412377142,31.9,0.27459375237875483,10
ACS2,207,6.809210526315789,0.9913146283945612,6.868869207895518,30.4,0.59345957258178,10
ACS1,208,6.910299003322259,0.9800898175210282,7.05067931508634,30.1,0.26181272088211,10
Discop,208,6.540880503144654,0.938656291027666,6.9683446067181025,31.8,0.3429068178577385,10
ACS2,208,6.887417218543046,0.9803185573633834,7.025692992150536,30.2,0.40345036098973136,10
ACS1,209,6.763754045307444,0.9860702289250372,6.859302559697943,30.9,0.350751508834114,10
Discop,209,6.450617283950617,0.9420638206148191,6.847325141666889,32.4,0.39109568299838876,10
ACS2,209,6.785714285714286,0.9837270708627489,6.8979643711167515,30.8,0.24765994401810748,10
ACS1,210,6.6455696202531644,0.9872760145563162,6.7312175341762925,31.6,0.7600530913113452,10
Discop,210,6.382978723404255,0.9423256964404009,6.773643918992883,32.9,0.5021099324309645,10
ACS2,210,6.885245901639344,0.9769358537904365,7.0477973297070795,30.5,0.6330277503208375,10
ACS1,211,6.963696369636963,0.9853552445859433,7.06719369273077,30.3,0.3123670960439577,10
Discop,211,6.65615141955836,0.944457361328186,7.047593350532887,31.7,0.44441043217472354,10
ACS2,211,6.85064935064935,0.9882623527215487,6.932014896432647,30.8,0.4385297185962586,10
ACS1,212,6.973684210526316,0.9913806582971182,7.034315378418744,30.4,0.459419035197584,10
Discop,212,6.5030674846625764,0.9444428774247751,6.885612290702617,32.6,0.4973991360209239,10
ACS2,212,7.066666666666666,0.9781109069421282,7.224811232050579,30.0,0.22843425424378314,10
ACS1,213,6.826923076923077,0.9894892692415604,6.899441246246042,31.2,0.33443173509717394,10
Discop,213,6.454545454545454,0.9366612073344074,6.891013958946896,33.0,0.34594310866283884,10
ACS2,213,6.7834394904458595,0.9771275241071837,6.942225372930714,31.4,0.2899221938700089,10
ACS1,214,6.8152866242038215,0.9832591089986972,6.931323149545164,31.4,0.34168505882716943,10
Discop,214,6.666666666666667,0.9390205545499452,7.099596099748716,32.1,0.41493173072790934,10
ACS2,214,6.772151898734177,0.9800363697808518,6.910102632465072,31.6,0.3266662655448001,10
ACS1,215,6.739811912225705,0.988034655909143,6.8214327016941,31.9,0.5276990495501436,10
Discop,215,6.3049853372434015,0.9316875117223865,6.767274711654704,34.1,0.4994281799757071,10
ACS2,215,6.656346749226006,0.9848713391230277,6.758595244687602,32.3,0.643520963090684,10
ACS1,216,6.857142857142857,0.9857904907469491,6.95598397581122,31.5,0.35302160405484084,10
Discop,216,6.7924528301886795,0.9432096230644641,7.201424438525312,31.8,0.2596955137794387,10
ACS2,216,6.8354430379746836,0.9855715769416559,6.935511532491495,31.6,0.6276186503924805,10
ACS1,217,6.867088607594937,0.9861967266152276,6.963203610666805,31.6,0.4483568817881497,10
Discop,217,6.382352941176471,0.9386506845305641,6.799497455614597,34.0,0.4909287461526334,10
ACS2,217,6.867088607594937,0.9814757024229581,6.996697514408387,31.6,0.3725146013036491,10
ACS1,218,6.770186335403727,0.9805464967560957,6.904503109032844,32.2,0.5457849793393812,10
Discop,218,6.606060606060606,0.9484032667364043,6.9654553476951175,33.0,0.45973820889823663,10
ACS2,218,6.8125,0.9839510395214273,6.923616853246534,32.0,0.5272670887530558,10
ACS1,219,6.908517350157728,0.9903304906480183,6.975971572517343,31.7,0.4827845859910279,10
Discop,219,6.4035087719298245,0.929091507475243,6.892226137478127,34.2,0.4464463722418571,10
ACS2,219,6.656534954407295,0.9794385320312607,6.796276373364938,32.9,0.3921653776644095,10
ACS1,220,6.567164179104478,0.9787873810153731,6.709490034793708,33.5,0.43044463903162394,10
Discop,220,6.489675516224189,0.9420218295470031,6.889092495175962,33.9,0.3000228365153298,10
ACS2,220,6.7073170731707314,0.9889723309097096,6.782107914991902,32.8,0.3775941909255055,10
ACS1,221,6.676737160120846,0.9914323105988894,6.734435713606775,33.1,0.5160133273485423,10
Discop,221,6.636636636636637,0.9408178786374817,7.054114071735112,33.3,0.435162271010715,10
ACS2,221,6.820987654320987,0.9841682415434131,6.930713028926878,32.4,0.5763242041468011,10
ACS1,222,6.9375,0.9870135041930488,7.028779211761527,32.0,0.3788154641421494,10
Discop,222,6.7889908256880735,0.9418899048932358,7.207839037682024,32.7,0.23666694327250073,10
ACS2,222,6.91588785046729,0.9870221344584843,7.00682143694943,32.1,0.3210847474376645,10
ACS1,223,6.5588235294117645,0.9831679312924256,6.671112147433296,34.0,0.6613835268948918,10
Discop,223,6.501457725947522,0.9338240233975202,6.962187267675284,34.3,0.4888213214299271,10
ACS2,223,6.737160120845921,0.9879064065022469,6.819634002272864,33.1,0.7452955508038274,10
ACS1,224,6.787878787878788,0.983759014971648,6.899940620187776,33.0,0.37846433745239344,10
Discop,224,6.850152905198777,0.9487769493203285,7.21998243117731,32.7,0.3928581792810531,10
ACS2,224,6.686567164179104,0.9912260598995111,6.74575400575826,33.5,0.50621257145164,10
ACS1,225,6.578947368421052,0.9840721211296496,6.685432121447416,34.2,0.5892445010993596,10
Discop,225,6.3559322033898304,0.9511685123746334,6.6822357139661515,35.4,0.688210276168834,10
ACS2,225,6.65680473372781,0.987367379402329,6.741973527378727,33.8,0.4698999605359037,10
ACS1,226,6.666666666666667,0.9859312446041438,6.761796730910344,33.9,0.33858253433087737,10
Discop,226,6.494252873563219,0.9401715830964372,6.907518787341477,34.8,0.3371074916063831,10
ACS2,226,6.666666666666667,0.9872640166700365,6.752668540632937,33.9,0.3697510761516882,10
ACS1,227,6.796407185628743,0.9793825200543057,6.939481812736345,33.4,0.3847175882635729,10
Discop,227,6.522988505747127,0.935153970804586,6.975309638192404,34.8,0.364420751791355,10
ACS2,227,6.735905044510385,0.9844003949278143,6.842647645427171,33.7,0.41296579855734533,10
ACS1,228,6.608695652173913,0.9853274495764867,6.70710600320174,34.5,0.5369670267573234,10
Discop,228,6.514285714285714,0.9343574123907771,6.9719420297821095,35.0,0.36108964194296955,10
ACS2,228,6.745562130177515,0.9870121452136155,6.834325355457097,33.8,0.3013141433008932,10
ACS1,229,6.715542521994135,0.9820502695939151,6.838287947083463,34.1,0.21164557530824357,10
Discop,229,6.735294117647059,0.9375172726547155,7.184181362947161,34.0,0.44344202807517513,10
ACS2,229,6.918429003021148,0.9859118084055735,7.017289928000459,33.1,0.5444168371667437,10
ACS1,230,6.628242074927954,0.9862532387918351,6.720628956359709,34.7,0.43644589679737983,10
Discop,230,6.284153005464481,0.9392321240575944,6.6907347443741525,36.6,0.5576270833788118,10
ACS2,230,6.47887323943662,0.9849195934491362,6.578073258496107,35.5,0.30750023243161273,10
ACS1,231,6.4525139664804465,0.9878571631185871,6.531828899342461,35.8,0.6460876313770422,10
Discop,231,6.260162601626016,0.9359765275275885,6.688375634977121,36.9,0.5099717576042179,10
ACS2,231,6.676300578034682,0.9822420050358796,6.797001699994299,34.6,0.5799832344572882,10
ACS1,232,6.572237960339943,0.9922137455810307,6.623812650863151,35.3,0.643566705746172,10
Discop,232,6.287262872628726,0.9452493932209883,6.6514328575282535,36.9,0.48254626781110255,10
ACS2,232,6.628571428571429,0.9900355674149817,6.695286156111408,35.0,0.6478477154177084,10
ACS1,233,6.955223880597015,0.9886723039024126,7.03491323985094,33.5,0.46680010772155206,10
Discop,233,6.544943820224719,0.9373361169695075,6.982494008003356,35.6,0.4860904748448,10
ACS2,233,6.976047904191617,0.9812969278433914,7.109008197470836,33.4,0.3699522708731781,10
ACS1,234,6.842105263157895,0.986189504825544,6.93792139307775,34.2,0.5516768168505859,10
Discop,234,6.223404255319149,0.9379888836940633,6.6348379639741975,37.6,0.36938775469041213,10
ACS2,234,6.743515850144092,0.9889914773807806,6.818578323853148,34.7,0.4610661946639174,10
ACS1,235,6.638418079096045,0.9839519696844323,6.746689151122978,35.4,0.54362241807252,10
Discop,235,6.420765027322404,0.9459602243024214,6.787563432761946,36.6,0.6358524568999196,10
ACS2,235,6.619718309859155,0.9885544369503938,6.696361942677049,35.5,0.5852387416085882,10
ACS1,236,6.742857142857143,0.9815591812081759,6.869537030418822,35.0,0.40545826796176554,10
Discop,236,6.430517711171662,0.9405881751201335,6.83669844174933,36.7,0.4820867181676678,10
ACS2,236,6.781609195402299,0.990979643942732,6.843338545704985,34.8,0.6056907294197637,10
ACS1,237,6.829971181556196,0.9780221304328062,6.9834525917462775,34.7,0.5467540619229907,10
Discop,237,6.620111731843576,0.9390636982731385,7.049694013321376,35.8,0.45494487038847403,10
ACS2,237,6.810344827586207,0.9838242299615318,6.922318662402222,34.8,0.4621940746137368,10
ACS1,238,6.819484240687679,0.9878140087442764,6.903611591170596,34.9,0.47355799939556015,10
Discop,238,6.574585635359116,0.9436412402813052,6.967251275918369,36.2,0.41384216243089045,10
ACS2,238,6.685393258426966,0.984787513165531,6.788665746722594,35.6,0.723653321612817,10
ACS1,239,6.9476744186046515,0.9908307462330784,7.011968941232586,34.4,0.6274895584460861,10
Discop,239,6.770538243626063,0.9457034443685608,7.159261483018813,35.3,0.4849163720639129,10
ACS2,239,6.907514450867052,0.9868989690607467,6.999211335118816,34.6,0.5284675763321316,10
ACS1,240,6.857142857142857,0.9876113587074463,6.9431591654811085,35.0,0.31690633980475474,10
Discop,240,6.521739130434782,0.9442630935317117,6.906697058382659,36.8,0.5527398619624654,10
ACS2,240,6.876790830945558,0.979185208158007,7.0229725425303595,34.9,0.5083091881139883,10
ACS1,241,6.866096866096866,0.9899265392660239,6.935966047730874,35.1,0.4077885110180343,10
Discop,241,6.6208791208791204,0.9434610585761763,7.017649600579187,36.4,0.5506711879155187,10
ACS2,241,6.694444444444445,0.9884218891151271,6.772861384562787,36.0,0.5192172457539354,10
ACS1,242,6.855524079320113,0.9855944035780124,6.955725453018443,35.3,0.44331980449903474,10
Discop,242,6.594005449591281,0.9412065837888033,7.00590663427712,36.7,0.34351354333665934,10
ACS2,242,6.954022988505747,0.9912879564624821,7.015139186520461,34.8,0.4377800736825982,10
ACS1,243,6.903409090909091,0.9850626898854623,7.00809112129887,35.2,0.47404489553523804,10
Discop,243,6.694214876033058,0.9457527163870371,7.07818731053323,36.3,0.5844926700775879,10
ACS2,243,7.043478260869565,0.9891002889311337,7.12109615141359,34.5,0.4519683767800605,10
ACS1,244,6.666666666666667,0.9857362827927401,6.763134098887982,36.6,0.36496186167464606,10
Discop,244,6.240409207161125,0.9410085795391359,6.631617758700351,39.1,0.41102320891409866,10
ACS2,244,6.740331491712707,0.9841467280448567,6.848909110436516,36.2,0.3046748261467457,10
ACS1,245,6.882022471910112,0.9861840774770372,6.978436003059841,35.6,0.4158000658097533,10
Discop,245,6.314432989690721,0.9363676495125545,6.743540310238004,38.8,0.41891647435839435,10
ACS2,245,6.693989071038251,0.9925212602767439,6.74442889935856,36.6,0.3405294718942663,10
ACS1,246,6.758241758241758,0.9864460376795385,6.8511013274881964,36.4,0.43526366263833965,10
Discop,246,6.40625,0.9321647555760233,6.872443912601386,38.4,0.4264280696250045,10
ACS2,246,6.721311475409836,0.9897801088399142,6.790711811017949,36.6,0.4464436398675511,10
ACS1,247,6.711956521739131,0.9848860810900835,6.8149572327291486,36.8,0.6398585091128602,10
Discop,247,6.2849872773536894,0.9360974750583018,6.714030797874174,39.3,0.39815124099251126,10
ACS2,247,6.534391534391534,0.9887900206366053,6.608472373320016,37.8,0.5245742028645163,10
ACS1,248,6.775956284153006,0.9938851707365693,6.817645019425471,36.6,0.6214633657383857,10
Discop,248,6.262626262626263,0.9347187417107664,6.700011439980447,39.6,0.3992510777766098,10
ACS2,248,6.441558441558442,0.9872128519084435,6.524994512688787,38.5,0.7982103498657205,10
ACS1,249,6.64,0.9888602912374064,6.714800926722482,37.5,0.6791168762199294,10
Discop,249,6.0,0.9390815653221035,6.3892213643252695,41.5,0.8638246361365904,10
ACS2,249,6.417525773195877,0.990096771766258,6.481715682950359,38.8,0.6830548019129109,10
ACS1,250,6.963788300835654,0.9942441535877593,7.004102841044244,35.9,0.3682998008375368,10
Discop,250,6.544502617801047,0.9379100884160242,6.977750531347451,38.2,0.45375310824901155,10
ACS2,250,6.738544474393531,0.9880089199738089,6.82032756806706,37.1,0.40519231194996563,10
